Annual Distance (miles/vehicle),2020.0
LDVs,11330.015178805
HDVs,44511.914095844
aircraft,596465.072545354
rail,24623.697006554
ships,101198.899141367
motorbikes,0.0
