Annual Distance (miles/vehicle),2020.0
LDVs,12553.954820811
HDVs,22200.057622254
aircraft,613682.578712974
rail,234637.529411765
ships,229.414773478
motorbikes,2475.077942724
