Annual Distance (miles/vehicle),2020.0
LDVs,11299.231635869
HDVs,44826.322864803
aircraft,1141795.422459955
rail,24797.946221363
ships,101472.754386098
motorbikes,0.0
