Annual Distance (miles/vehicle),2020.0
LDVs,12520.39849583
HDVs,22356.815505716
aircraft,1174754.59779899
rail,263423.764705882
ships,229.004620962
motorbikes,2467.886424731
