Unit: dimensionless (ratio of electricity demand in this hour to annual demand),Hour0,Hour1,Hour2,Hour3,Hour4,Hour5,Hour6,Hour7,Hour8,Hour9,Hour10,Hour11,Hour12,Hour13,Hour14,Hour15,Hour16,Hour17,Hour18,Hour19,Hour20,Hour21,Hour22,Hour23
Winter,0.0,0.0,0.0,0.0,0.0,0.0,0.019879203053366913,0.014983302673123203,0.007343850570365565,0.007343850570365565,0.007343850570365565,0.007343850570365565,0.007343850570365565,0.007343850570365565,0.007343850570365565,0.007343850570365565,0.007343850570365565,0.03597563024690401,0.17858951330424844,0.15877497308609229,0.035698503810286455,0.00029560153239207307,0.0,0.0
Spring,0.0,0.0,0.0,0.0,0.0,0.0,0.0,0.0,0.0,0.0,0.0,0.0,0.0,0.0,0.0,0.0,0.00957893552656378,0.05286488002867747,0.18453608434853785,0.1874760343717851,0.03580353071343934,0.0,0.0,0.0
Summer,0.010350069958890928,0.010350069958890928,0.010350069958890928,0.010350069958890928,0.010350069958890928,0.010350069958890928,0.010350069958890928,0.010350069958890928,0.010350069958890928,0.010350069958890928,0.010350069958890928,0.046388555694679943,0.22226142665504253,0.5306429057328705,0.8710987576053063,0.95,0.95,0.95,0.95,0.95,0.7263122434481317,0.16522760110159643,0.010350069958890928,0.010350069958890928
Fall,0.001744533633789284,0.001744533633789284,0.001744533633789284,0.001744533633789284,0.001744533633789284,0.001744533633789284,0.001744533633789284,0.001744533633789284,0.001744533633789284,0.001744533633789284,0.001744533633789284,0.001744533633789284,0.001744533633789284,0.001744533633789284,0.04133272656305965,0.13083093642152033,0.2770628338288366,0.3443454981945119,0.29325428661744346,0.27822585625136287,0.09359604667533027,0.001744533633789284,0.001744533633789284,0.001744533633789284
Summer Peak,0.0,0.0,0.0,0.0,0.0,0.0,0.0,0.0,0.0,0.0,0.0,0.0,0.0,0.0,0.03547218388704877,0.8812620684438679,0.95,0.95,0.95,0.95,0.95,0.03547218388704877,0.0,0.0
Winter Peak,0.0,0.0,0.0,0.0,0.0,0.0,0.0,0.0,0.0,0.0,0.0,0.0,0.0,0.0,0.0,0.0,0.0,0.0,0.0,0.0,0.0,0.0,0.0,0.0
