solar pv,Hour0,Hour1,Hour2,Hour3,Hour4,Hour5,Hour6,Hour7,Hour8,Hour9,Hour10,Hour11,Hour12,Hour13,Hour14,Hour15,Hour16,Hour17,Hour18,Hour19,Hour20,Hour21,Hour22,Hour23
Winter,0,0,0,0,0.0,0.0,1.2733124110106086e-05,0.016113950463112262,0.11677257078541489,0.17439395922265108,0.1782328142400749,0.17668010070573398,0.1754842784500221,0.18149649585126804,0.17660515717525738,0.14357470562655017,0.057318340083415534,0.004189197832224901,0.0,0.0,0,0,0,0
Spring,0,0,0,0,4.092789892534099e-06,0.010649439300373723,0.08770121132608569,0.21020796265271377,0.2908627540471533,0.3169902152122259,0.32354140756687544,0.3233881553231218,0.3199206527752803,0.31998932069458846,0.31295881716807994,0.2974653336526759,0.2531508784684791,0.14630359602511886,0.029906015744746654,4.547544325037888e-07,0,0,0,0
Summer,0,0,0,0,0.00010146773613521321,0.02896591288326271,0.1595072812045551,0.278138934108195,0.3222822082244599,0.33895609834302015,0.34171544369820445,0.33872286681683283,0.3338740555208548,0.3312416650582758,0.32245532853255787,0.31108949941617986,0.28303391081966567,0.2143378490074029,0.08399989704812559,0.0002524671159762413,0,0,0,0
Fall,0,0,0,0,0.0,2.8120224908267064e-05,0.022928271187399225,0.13590024596764602,0.2287203073758269,0.2539949026952061,0.25163143208462346,0.24577213741654233,0.2431274645568771,0.242797566308563,0.23871121752799104,0.2217012248950658,0.14887944441067155,0.04080381806018371,8.916168873352973e-06,0.0,0,0,0,0
Summer Peak,0,0,0,0,0.0,0.006903172285407513,0.10166490093054702,0.20722068078559644,0.2641195553804705,0.3066263616954646,0.3330676034189649,0.33587070974091826,0.30888558171614344,0.2580112938430796,0.21822391903445812,0.22922715728331977,0.27717282661105924,0.247133567817589,0.10333839724216096,0.0,0,0,0,0
Winter Peak,0,0,0,0,0.0,0.0,0.0,0.0,0.007865432664585531,0.01978909388483487,0.03208929177519735,0.05258962159246815,0.06237957501540971,0.05263145900025849,0.04204659482930031,0.04305069261626867,0.009287904529457382,0.0,0.0,0.0,0,0,0,0
