solar pv dist,Hour0,Hour1,Hour2,Hour3,Hour4,Hour5,Hour6,Hour7,Hour8,Hour9,Hour10,Hour11,Hour12,Hour13,Hour14,Hour15,Hour16,Hour17,Hour18,Hour19,Hour20,Hour21,Hour22,Hour23
Winter,0,0,0,0,0.0,0.0,0.0001567398119122257,0.061118304484121595,0.21150333923947123,0.27589614283767216,0.27491481531961304,0.27181750034073876,0.27458429875971113,0.37525896142837656,0.3545761210303938,0.25604129753305177,0.08999931852255692,0.03433624097042388,0.0,0.0,0,0,0,0
Spring,0,0,0,0,4.2592340193539595e-06,0.00900402071691427,0.1669066035164236,0.3182329289900505,0.40850313479623845,0.44283682022625054,0.4549798964154285,0.4550139702875835,0.4532974989777837,0.5425710440234428,0.5360970083140248,0.5005281450183999,0.39871541501976293,0.22750698514379175,0.043001226659397575,0.0,0,0,0,0
Summer,0,0,0,0,0.00013061650992685482,0.017074730659748495,0.24967120671639081,0.3709418801571,0.4277510539401147,0.4431638021114835,0.44247919143876296,0.43574568515115486,0.42405775952149316,0.5114762368032285,0.49019925773790207,0.4724309083702663,0.4228146506683961,0.24079829207653228,0.08447284978200556,0.0018061110510575432,0,0,0,0
Fall,0,0,0,0,0.0,0.0,0.06867002415334805,0.2386556349247135,0.33977850865923215,0.371120047278894,0.36054010997481883,0.35488719872552554,0.35803484248933654,0.4022239066755744,0.4021339739966082,0.34734570121794556,0.20800786268564683,0.0835089161827432,0.00016059406958219847,0.0,0,0,0,0
Summer Peak,0,0,0,0,0.0,0.007836990595611286,0.09717868338557994,0.18064263322884014,0.30642633228840127,0.36363636363636365,0.4247648902821317,0.42594043887147337,0.23746081504702196,0.3303291536050157,0.23510971786833856,0.48354231974921635,0.4224137931034483,0.28448275862068967,0.08973354231974921,0.0,0,0,0,0
Winter Peak,0,0,0,0,0.0,0.0,0.0,0.0,0.0035266457680250786,0.027821316614420062,0.060736677115987465,0.05289968652037618,0.12029780564263323,0.07288401253918496,0.025470219435736678,0.03526645768025079,0.012539184952978058,0.0,0.0,0.0,0,0,0,0
