solar pv,Hour0,Hour1,Hour2,Hour3,Hour4,Hour5,Hour6,Hour7,Hour8,Hour9,Hour10,Hour11,Hour12,Hour13,Hour14,Hour15,Hour16,Hour17,Hour18,Hour19,Hour20,Hour21,Hour22,Hour23
Winter,0,0,0,0,0.0,0.0,2.901590486099309e-05,0.03672004211451336,0.26609823127334226,0.3974043200537211,0.4061522008563836,0.40261391851504885,0.39988891053567516,0.4135893917851826,0.4024431391892956,0.32717422392817314,0.13061551024468696,0.009546232699266724,0.0,0.0,0,0,0,0
Spring,0,0,0,0,9.326540848176351e-06,0.024267659286954856,0.19985118985935577,0.47901631937391953,0.662810314739665,0.7223488789497898,0.7372775620007707,0.7369283348601227,0.7290266821970841,0.7291831608268703,0.7131622362143364,0.6778560976924067,0.5768734947999353,0.33339274685281045,0.06814903397762458,1.036282316464039e-06,0,0,0,0
Summer,0,0,0,0,0.00023122198077241295,0.06600675255850957,0.363480953774233,0.6338156119766412,0.734408132000355,0.7724041497222592,0.7786920725927435,0.7718726679181147,0.7608233255857533,0.7548247041509276,0.7348026339580709,0.7089024845952464,0.6449701548310597,0.48842739465427937,0.19141673323887204,0.0005753153550024491,0,0,0,0
Fall,0,0,0,0,0.0,6.407962127380909e-05,0.052248335102035075,0.30968586919317503,0.5212017585948746,0.5787968347792924,0.5734110207571085,0.5600590157682754,0.5540324055333534,0.5532806421715801,0.5439687791581815,0.505206859957895,0.3392625217050181,0.09298265630348104,2.0317928696573615e-05,0.0,0,0,0,0
Summer Peak,0,0,0,0,0.00026694632472113643,0.08200972447325769,0.3878158070359423,0.6477071217465916,0.7620554867003527,0.8277052149871293,0.8417008294403661,0.8342644675374201,0.821965869005625,0.7824387453522739,0.7620745542949755,0.7617122699971397,0.7400324149108589,0.6135951949661551,0.2759080941939174,0.0009533797311469158,0,0,0,0
Winter Peak,0,0,0,0,0.0,0.0,0.0,0.0013537992182286202,0.10149680617790065,0.2249594813614262,0.27266660310801794,0.3034798360186863,0.3232338640480503,0.3231766612641815,0.3165792735246448,0.2507388692916389,0.0896748975116789,0.0,0.0,0.0,0,0,0,0
