petroleum,Hour0,Hour1,Hour2,Hour3,Hour4,Hour5,Hour6,Hour7,Hour8,Hour9,Hour10,Hour11,Hour12,Hour13,Hour14,Hour15,Hour16,Hour17,Hour18,Hour19,Hour20,Hour21,Hour22,Hour23
Winter,0.0,0.0,0.0,0.0,0.0,0.0,0.0015466520214037455,0.0009249585618198871,0.0009249585618198871,0.0009249585618198871,0.0009249585618198871,0.0009249585618198871,0.0009249585618198871,0.0009249585618198871,0.0009249585618198871,0.0009249585618198871,0.0009249585618198871,0.0018499171236397742,0.009108061903822056,0.006924553167722651,0.0028506919610186685,0.0,0.0,0.0
Spring,0.0,0.0,0.0,0.0,0.0,0.0,0.0,0.0,0.0,0.0,0.0,0.0,0.0,0.0,0.0,0.0,0.001156198202274859,0.0027799301038302616,0.009186405388566365,0.008068115324071009,0.0013457388911723765,0.0,0.0,0.0
Summer,0.03253709205120456,0.03253709205120456,0.03253709205120456,0.03253709205120456,0.03253709205120456,0.03253709205120456,0.03253709205120456,0.03253709205120456,0.03253709205120456,0.03253709205120456,0.03253709205120456,0.08378802287765016,0.15480172953314364,0.28209725619671655,0.3419668417964791,0.3509596397227464,0.3609813313196266,0.3765750834443723,0.40357352060636764,0.37245282763418885,0.2876292299581945,0.08589925924072628,0.01626854602560228,0.01626854602560228
Fall,0.046405360794340926,0.046405360794340926,0.046405360794340926,0.046405360794340926,0.046405360794340926,0.046405360794340926,0.046405360794340926,0.046405360794340926,0.046405360794340926,0.046405360794340926,0.046405360794340926,0.046405360794340926,0.046405360794340926,0.06960804119151139,0.07380072265958325,0.07568742932021559,0.07852701813268244,0.1142600988264768,0.08791290732825242,0.07852701813268244,0.07554449699744042,0.046405360794340926,0.046405360794340926,0.046405360794340926
Summer Peak,0.0,0.0,0.0,0.0,0.0,0.0,0.0,0.0,0.0,0.0,0.0,0.0,0.0,0.0,0.95,0.95,0.95,0.95,0.95,0.95,0.95,0.0,0.0,0.0
Winter Peak,0.0,0.0,0.0,0.0,0.0,0.0,0.0,0.0,0.0,0.0,0.0,0.0,0.0,0.0,0.0,0.0,0.0,0.0,0.0,0.0,0.0,0.0,0.0,0.0
