Unit: dimensionless (ratio of electricity demand in this hour to annual demand),Hour0,Hour1,Hour2,Hour3,Hour4,Hour5,Hour6,Hour7,Hour8,Hour9,Hour10,Hour11,Hour12,Hour13,Hour14,Hour15,Hour16,Hour17,Hour18,Hour19,Hour20,Hour21,Hour22,Hour23
Winter,0.0,0.0,0.0,0.0,0.0,0.0,0.0014822081871785895,0.0008864186217440584,0.0008864186217440584,0.0008864186217440584,0.0008864186217440584,0.0008864186217440584,0.0008864186217440584,0.0008864186217440584,0.0008864186217440584,0.0008864186217440584,0.0008864186217440584,0.0027319131293095573,0.009973420449021945,0.0075951060048889815,0.0036183317510536154,0.0,0.0,0.0
Spring,0.0,0.0,0.0,0.0,0.0,0.0,0.0,0.0,0.0,0.0,0.0,0.0,0.0,0.0,0.0,0.0,0.001156198202274859,0.0027799301038302616,0.009186405388566365,0.008068115324071009,0.0013457388911723765,0.0,0.0,0.0
Summer,0.04730935594882044,0.04730935594882044,0.04730935594882044,0.04730935594882044,0.04730935594882044,0.04730935594882044,0.04730935594882044,0.04730935594882044,0.04730935594882044,0.04730935594882044,0.04730935594882044,0.09577491009991575,0.18031005734820868,0.3338190612863083,0.40729135032594954,0.4187080178205434,0.4289684871128622,0.44782778565816506,0.49558572123737643,0.44361366434167704,0.35721470031922525,0.1467044932066788,0.04730935594882044,0.04730935594882044
Fall,0.046405360794340926,0.046405360794340926,0.046405360794340926,0.046405360794340926,0.046405360794340926,0.046405360794340926,0.046405360794340926,0.046405360794340926,0.046405360794340926,0.046405360794340926,0.046405360794340926,0.046405360794340926,0.046405360794340926,0.06960804119151139,0.07380072265958325,0.07568742932021559,0.07852701813268244,0.1142600988264768,0.08791290732825242,0.07852701813268244,0.07554449699744042,0.046405360794340926,0.046405360794340926,0.046405360794340926
Summer Peak,0.0,0.0,0.0,0.0,0.0,0.0,0.0,0.0,0.0,0.0,0.0,0.0,0.0,0.0,0.95,0.95,0.95,0.95,0.95,0.95,0.95,0.0,0.0,0.0
Winter Peak,0.0,0.0,0.0,0.0,0.0,0.0,0.0,0.0,0.0,0.0,0.0,0.0,0.0,0.0,0.0,0.0,0.0,0.0,0.0,0.0,0.0,0.0,0.0,0.0
