solar pv,Hour0,Hour1,Hour2,Hour3,Hour4,Hour5,Hour6,Hour7,Hour8,Hour9,Hour10,Hour11,Hour12,Hour13,Hour14,Hour15,Hour16,Hour17,Hour18,Hour19,Hour20,Hour21,Hour22,Hour23
Winter,0,0,0,0,0.0,0.0,1.9363734659964324e-05,0.024505082836965723,0.17758038457003913,0.2652073696515567,0.27104525902675486,0.2686839898973627,0.26686545858801125,0.2760084608448845,0.2685700204876498,0.21833938628057883,0.08716612819661025,0.006370668703128262,0.0,0.0,0,0,0,0
Spring,0,0,0,0,6.224057569274248e-06,0.016194997795251586,0.13337048871831286,0.31967105456768596,0.442325790837565,0.48205879123590745,0.49202143271845905,0.4917883763405876,0.4865152164555078,0.48661964231028126,0.4759280945301725,0.45236657882070885,0.3849759412703679,0.22248931124298998,0.045479188658686914,6.915619521415831e-07,0,0,0,0
Summer,0,0,0,0,0.0001543057541950852,0.04404953932789934,0.24256864559467384,0.4229762053761619,0.49010652151994305,0.5154631253834793,0.5196593643293155,0.5151084415408985,0.5077346741496708,0.5037315002233015,0.49036979200103414,0.47308535361050885,0.4304201782290136,0.3259515261044816,0.1277417626529891,0.00038393611825791326,0,0,0,0
Fall,0,0,0,0,0.0,4.276347022095165e-05,0.03486787340210766,0.20666855049757774,0.3478234646166576,0.38625948025354256,0.3826652627320451,0.373754815754055,0.36973296353034807,0.36923127501385344,0.3630170126827212,0.33714928524492055,0.22640649953321895,0.062051881313538435,1.3559149094448086e-05,0.0,0,0,0,0
Summer Peak,0,0,0,0,0.0,0.01049791043350923,0.1546055900207723,0.31512818410406795,0.4016564155560228,0.46629809434660086,0.5065082724919211,0.5107710603649218,0.46973377412484024,0.3923673554148571,0.33186121709808575,0.34859425009210343,0.4215070098302948,0.37582519351963045,0.1571505380046533,0.0,0,0,0,0
Winter Peak,0,0,0,0,0.0,0.0,0.0,0.0,0.01196125552424082,0.030094009909393125,0.048799377590918666,0.07997499039346122,0.09486293609916523,0.08003861409305825,0.06394181809501076,0.06546878688533937,0.01412446131053969,0.0,0.0,0.0,0,0,0,0
