Unit: dimensionless (ratio of electricity demand in this hour to annual demand),Hour0,Hour1,Hour2,Hour3,Hour4,Hour5,Hour6,Hour7,Hour8,Hour9,Hour10,Hour11,Hour12,Hour13,Hour14,Hour15,Hour16,Hour17,Hour18,Hour19,Hour20,Hour21,Hour22,Hour23
Winter,0,0,0,0,0.0,0.0,0.00015020898641588296,0.05892437304075237,0.20630551201671898,0.27136886102403357,0.27209378265412754,0.2693541013584117,0.2727174764890284,0.37133294148380347,0.3509698275862068,0.2540882967607106,0.0885253396029258,0.03290556426332288,0.0,0.0,0,0,0,0
Spring,0,0,0,0,4.2592340193539595e-06,0.00900402071691427,0.1669066035164236,0.3182329289900505,0.40850313479623845,0.44283682022625054,0.4549798964154285,0.4550139702875835,0.4532974989777837,0.5425710440234428,0.5360970083140248,0.5005281450183999,0.39871541501976293,0.22750698514379175,0.043001226659397575,0.0,0,0,0,0
Summer,0,0,0,0,0.00012777702058061884,0.017215823906228705,0.24912685702603227,0.3699868815592202,0.42831709145427294,0.4441997751124439,0.44437014447321754,0.4380111080823225,0.4248841488346737,0.5111677115987462,0.49026765026577596,0.4766125459997275,0.4259702535096087,0.24439484803053022,0.08626652582799511,0.001874062968515742,0,0,0,0
Fall,0,0,0,0,0.0,0.0,0.06867002415334805,0.2386556349247135,0.33977850865923215,0.371120047278894,0.36054010997481883,0.35488719872552554,0.35803484248933654,0.4022239066755744,0.4021339739966082,0.34734570121794556,0.20800786268564683,0.0835089161827432,0.00016059406958219847,0.0,0,0,0,0
Summer Peak,0,0,0,0,0.0,0.007836990595611286,0.09717868338557994,0.18064263322884014,0.30642633228840127,0.36363636363636365,0.4247648902821317,0.42594043887147337,0.23746081504702196,0.3303291536050157,0.23510971786833856,0.48354231974921635,0.4224137931034483,0.28448275862068967,0.08973354231974921,0.0,0,0,0,0
Winter Peak,0,0,0,0,0.0,0.0,0.0,0.0,0.0035266457680250786,0.027821316614420062,0.060736677115987465,0.05289968652037618,0.12029780564263323,0.07288401253918496,0.025470219435736678,0.03526645768025079,0.012539184952978058,0.0,0.0,0.0,0,0,0,0
