Unit: dimensionless (ratio of electricity demand in this hour to annual demand),Hour0,Hour1,Hour2,Hour3,Hour4,Hour5,Hour6,Hour7,Hour8,Hour9,Hour10,Hour11,Hour12,Hour13,Hour14,Hour15,Hour16,Hour17,Hour18,Hour19,Hour20,Hour21,Hour22,Hour23
Winter,0,0,0,0,0.0,0.0,2.7806908825118377e-05,0.03524644866050149,0.25923983856103217,0.3902191184415421,0.40059030095020165,0.398483331744367,0.3966949502653574,0.4098221946801409,0.39886547811993506,0.3239894174849843,0.12890965138081162,0.009148473003463945,0.0,0.0,0,0,0,0
Spring,0,0,0,0,9.326540848176351e-06,0.024267659286954856,0.19985118985935577,0.47901631937391953,0.662810314739665,0.7223488789497898,0.7372775620007707,0.7369283348601227,0.7290266821970841,0.7291831608268703,0.7131622362143364,0.6778560976924067,0.5768734947999353,0.33339274685281045,0.06814903397762458,1.036282316464039e-06,0,0,0,0
Summer,0,0,0,0,0.00023316352120440883,0.06687647929300676,0.3648035001471521,0.6345705853337038,0.7359107056253551,0.7754096423996976,0.7821164615518533,0.7752635265930768,0.7641462899020507,0.7563254672596964,0.7362848035415982,0.711772581627958,0.6501365820093097,0.49522999249731625,0.19600865502990705,0.0005958623319668223,0,0,0,0
Fall,0,0,0,0,0.0,6.407962127380909e-05,0.052248335102035075,0.30968586919317503,0.5212017585948746,0.5787968347792924,0.5734110207571085,0.5600590157682754,0.5540324055333534,0.5532806421715801,0.5439687791581815,0.505206859957895,0.3392625217050181,0.09298265630348104,2.0317928696573615e-05,0.0,0,0,0,0
Summer Peak,0,0,0,0,0.0,0.01573076556392411,0.23167127466870052,0.47220898083706736,0.6018686242730479,0.6987320049575745,0.7589856039660596,0.765373248164744,0.7038802555057678,0.587949280198303,0.49728286776623126,0.5223567546953951,0.6316140718848317,0.5631614071884832,0.2354847935932882,0.0,0,0,0,0
Winter Peak,0,0,0,0,0.0,0.0,0.0,0.0,0.017923538945562017,0.04509486128324911,0.07312422537896844,0.11983983220516731,0.14214891791400514,0.119935170178282,0.09581466298026503,0.09810277433501763,0.02116503003146153,0.0,0.0,0.0,0,0,0,0
