solar pv dist,Hour0,Hour1,Hour2,Hour3,Hour4,Hour5,Hour6,Hour7,Hour8,Hour9,Hour10,Hour11,Hour12,Hour13,Hour14,Hour15,Hour16,Hour17,Hour18,Hour19,Hour20,Hour21,Hour22,Hour23
Winter,0,0,0,0,0.0,0.0,0.0001567398119122257,0.061118304484121595,0.21150333923947123,0.27589614283767216,0.27491481531961304,0.27181750034073876,0.27458429875971113,0.37525896142837656,0.3545761210303938,0.25604129753305177,0.08999931852255692,0.03433624097042388,0.0,0.0,0,0,0,0
Spring,0,0,0,0,4.2592340193539595e-06,0.00900402071691427,0.1669066035164236,0.3182329289900505,0.40850313479623845,0.44283682022625054,0.4549798964154285,0.4550139702875835,0.4532974989777837,0.5425710440234428,0.5360970083140248,0.5005281450183999,0.39871541501976293,0.22750698514379175,0.043001226659397575,0.0,0,0,0,0
Summer,0,0,0,0,0.00013061650992685482,0.017074730659748495,0.24967120671639081,0.3709418801571,0.4277510539401147,0.4431638021114835,0.44247919143876296,0.43574568515115486,0.42405775952149316,0.5114762368032285,0.49019925773790207,0.4724309083702663,0.4228146506683961,0.24079829207653228,0.08447284978200556,0.0018061110510575432,0,0,0,0
Fall,0,0,0,0,0.0,0.0,0.06867002415334805,0.2386556349247135,0.33977850865923215,0.371120047278894,0.36054010997481883,0.35488719872552554,0.35803484248933654,0.4022239066755744,0.4021339739966082,0.34734570121794556,0.20800786268564683,0.0835089161827432,0.00016059406958219847,0.0,0,0,0,0
Summer Peak,0,0,0,0,7.836990595611286e-05,0.01967084639498433,0.23965517241379314,0.35336990595611284,0.438166144200627,0.4622257053291536,0.4772727272727273,0.47742946708463946,0.43926332288401265,0.5057993730407524,0.49145768025078373,0.549373040752351,0.48087774294670843,0.30697492163009404,0.11747648902821317,0.0030564263322884013,0,0,0,0
Winter Peak,0,0,0,0,0.0,0.0,0.0,0.00846394984326019,0.08675548589341693,0.1672413793103448,0.20721003134796243,0.21269592476489033,0.22978056426332288,0.2810344827586207,0.26802507836990597,0.2091692789968652,0.05462382445141067,0.0,0.0,0.0,0,0,0,0
